id,answered,concerned_teacher,how_teacher,again_teacher,respect_teacher,disrespectful_people,understand_people,energy_school,fights_students,support_adults,fair_rules,online_bully,respect_students,behavior_students,school_violence,belong_school,excited_teacher,adult_help
stu-e12-1,n,null,null,null,null,null,null,null,null,null,null,null,null,null,null,null,null,null
stu-e12-2,y,Quite concerned,Frequently,Somewhat excited,Somewhat respectful,Once in a while,Understand somewhat,Slightly negative,Frequently,No support at all,Somewhat unfair,Quite likely,Quite a bit of respect,Neither helps nor hurts my learning,Sometimes,Belong quite a bit,Sometimes,Somewhat difficult
stu-e12-3,n,null,null,null,null,null,null,null,null,null,null,null,null,null,null,null,null,null
stu-e12-4,n,null,null,null,null,null,null,null,null,null,null,null,null,null,null,null,null,null
stu-e12-5,y,Slightly concerned,Almost never,Slightly excited,Slightly respectful,Frequently,Do not understand at all,Very negative,Almost never,A little bit of support,Neither unfair or fair,Somewhat likely,Some respect,Hurts my learning a little bit,Frequently,Belong a little bit,Once in a while,Extremely difficult
stu-e12-6,y,Quite concerned,Almost always,Extremely excited,Somewhat respectful,Almost always,Do not understand at all,Very negative,Once in a while,Some support,Neither unfair or fair,Quite likely,No respect at all,Hurts my learning a little bit,Frequently,Belong a little bit,Once in a while,Quite difficult
stu-e12-7,n,null,null,null,null,null,null,null,null,null,null,null,null,null,null,null,null,null
stu-e12-8,y,Slightly concerned,Once in a while,Not at all excited,Not at all respectful,Almost always,Understand somewhat,Neither negative or positive,Frequently,A little bit of support,Slightly unfair,Slightly likely,Some respect,Helps my learning a little bit,Sometimes,Belong quite a bit,Almost never,Extremely difficult
stu-e12-9,n,null,null,null,null,null,null,null,null,null,null,null,null,null,null,null,null,null
stu-e12-10,n,null,null,null,null,null,null,null,null,null,null,null,null,null,null,null,null,null
stu-e12-11,y,Not at all concerned,Almost never,Not at all excited,Not at all respectful,Almost never,Understand somewhat,Neither negative or positive,Almost always,A tremendous amount of support,Neither unfair or fair,Slightly likely,A tremendous amount of respect,Helps my learning a little bit,Sometimes,Belong somewhat,Almost never,Not at all difficult
stu-e12-12,y,Not at all concerned,Sometimes,Somewhat excited,Slightly respectful,Once in a while,Understand quite a bit,Somewhat positive,Almost always,Some support,Very fair,Somewhat likely,Some respect,Helps my learning a little bit,Almost never,Belong somewhat,Sometimes,Somewhat difficult
stu-e12-13,y,Slightly concerned,Sometimes,Somewhat excited,Slightly respectful,Frequently,Understand somewhat,Slightly negative,Almost always,A little bit of support,Slightly unfair,Slightly likely,Quite a bit of respect,Helps my learning some,Sometimes,Belong quite a bit,Almost never,Quite difficult
stu-e12-14,y,Slightly concerned,Almost never,Not at all excited,Somewhat respectful,Almost never,Completely understand,Neither negative or positive,Frequently,Some support,Neither unfair or fair,Somewhat likely,A tremendous amount of respect,Helps my learning a tremendous amount,Sometimes,Belong quite a bit,Once in a while,Quite difficult
stu-e12-15,y,Quite concerned,Frequently,Somewhat excited,Quite respectful,Almost never,Understand somewhat,Slightly negative,Sometimes,No support at all,Somewhat unfair,Quite likely,Quite a bit of respect,Helps my learning a little bit,Sometimes,Belong a little bit,Sometimes,Somewhat difficult
stu-e12-16,n,null,null,null,null,null,null,null,null,null,null,null,null,null,null,null,null,null
stu-e12-17,y,Not at all concerned,Once in a while,Not at all excited,Not at all respectful,Once in a while,Understand somewhat,Slightly negative,Once in a while,No support at all,Slightly unfair,Somewhat likely,Some respect,Neither helps nor hurts my learning,Almost always,Belong somewhat,Sometimes,Extremely difficult
stu-e12-18,n,null,null,null,null,null,null,null,null,null,null,null,null,null,null,null,null,null
stu-e12-19,y,Extremely concerned,Almost always,Somewhat excited,Slightly respectful,Almost never,Understand somewhat,Slightly negative,Once in a while,Some support,Slightly unfair,Quite likely,A little bit of respect,Neither helps nor hurts my learning,Frequently,Belong a little bit,Almost never,Somewhat difficult
stu-e12-20,y,Somewhat concerned,Sometimes,Quite excited,Extremely respectful,Sometimes,Understand somewhat,Slightly negative,Sometimes,Quite a bit of support,Neither unfair or fair,Slightly likely,Quite a bit of respect,Helps my learning a tremendous amount,Once in a while,Belong somewhat,Frequently,Not at all difficult
stu-e12-21,y,Somewhat concerned,Once in a while,Not at all excited,Not at all respectful,Frequently,Do not understand at all,Neither negative or positive,Frequently,Quite a bit of support,Neither unfair or fair,Extremely likely,Some respect,Hurts my learning a little bit,Frequently,Do not belong at all,Once in a while,Somewhat difficult
stu-e12-22,y,Somewhat concerned,Frequently,Extremely excited,Quite respectful,Frequently,Do not understand at all,Slightly negative,Almost never,A tremendous amount of support,Slightly unfair,Quite likely,Some respect,Hurts my learning a little bit,Sometimes,Belong somewhat,Sometimes,Not at all difficult
stu-e12-23,y,Quite concerned,Almost always,Somewhat excited,Slightly respectful,Almost never,Understand quite a bit,Slightly positive,Once in a while,A little bit of support,Somewhat fair,Slightly likely,No respect at all,Neither helps nor hurts my learning,Once in a while,Belong somewhat,Almost never,Somewhat difficult
stu-e12-24,n,null,null,null,null,null,null,null,null,null,null,null,null,null,null,null,null,null
stu-e12-25,n,null,null,null,null,null,null,null,null,null,null,null,null,null,null,null,null,null
stu-e12-26,n,null,null,null,null,null,null,null,null,null,null,null,null,null,null,null,null,null
stu-e12-27,y,Somewhat concerned,Sometimes,Somewhat excited,Somewhat respectful,Almost never,Completely understand,Very positive,Almost always,No support at all,Somewhat fair,Slightly likely,A tremendous amount of respect,Helps my learning some,Almost never,Belong quite a bit,Frequently,Somewhat difficult
stu-e12-28,n,null,null,null,null,null,null,null,null,null,null,null,null,null,null,null,null,null
stu-e12-29,y,Quite concerned,Frequently,Somewhat excited,Quite respectful,Once in a while,Understand quite a bit,Slightly positive,Sometimes,A tremendous amount of support,Slightly fair,Somewhat likely,Quite a bit of respect,Helps my learning some,Sometimes,Belong somewhat,Sometimes,Not at all difficult
stu-e12-30,y,Slightly concerned,Once in a while,Slightly excited,Slightly respectful,Almost always,Do not understand at all,Neither negative or positive,Sometimes,No support at all,Slightly fair,Quite likely,Quite a bit of respect,Helps my learning some,Once in a while,Belong somewhat,Sometimes,Quite difficult
stu-e12-31,n,null,null,null,null,null,null,null,null,null,null,null,null,null,null,null,null,null
stu-e12-32,n,null,null,null,null,null,null,null,null,null,null,null,null,null,null,null,null,null
stu-e12-33,y,Somewhat concerned,Once in a while,Somewhat excited,Quite respectful,Almost always,Do not understand at all,Very negative,Almost always,A little bit of support,Somewhat unfair,Extremely likely,Some respect,Neither helps nor hurts my learning,Sometimes,Belong somewhat,Frequently,Somewhat difficult
stu-e12-34,y,Somewhat concerned,Once in a while,Slightly excited,Somewhat respectful,Almost never,Understand somewhat,Neither negative or positive,Almost never,Quite a bit of support,Slightly unfair,Slightly likely,No respect at all,Hurts my learning a little bit,Frequently,Do not belong at all,Once in a while,Somewhat difficult
stu-e12-35,y,Extremely concerned,Frequently,Extremely excited,Somewhat respectful,Almost never,Understand somewhat,Slightly negative,Almost never,No support at all,Neither unfair or fair,Somewhat likely,Some respect,Neither helps nor hurts my learning,Once in a while,Belong quite a bit,Sometimes,Extremely difficult
stu-e12-36,y,Extremely concerned,Sometimes,Somewhat excited,Slightly respectful,Frequently,Understand somewhat,Slightly positive,Once in a while,Some support,Neither unfair or fair,Slightly likely,A little bit of respect,Neither helps nor hurts my learning,Once in a while,Belong quite a bit,Almost never,Quite difficult
stu-e12-37,y,Slightly concerned,Almost never,Slightly excited,Not at all respectful,Once in a while,Understand somewhat,Neither negative or positive,Sometimes,Quite a bit of support,Slightly fair,Quite likely,Quite a bit of respect,Helps my learning a little bit,Once in a while,Belong somewhat,Almost never,Not at all difficult
stu-e12-38,y,Quite concerned,Frequently,Extremely excited,Quite respectful,Once in a while,Completely understand,Slightly positive,Almost never,A little bit of support,Neither unfair or fair,Slightly likely,No respect at all,Neither helps nor hurts my learning,Frequently,Do not belong at all,Almost always,Somewhat difficult
stu-e12-39,y,Slightly concerned,Almost never,Not at all excited,Not at all respectful,Almost never,Understand somewhat,Neither negative or positive,Frequently,No support at all,Slightly unfair,Quite likely,Quite a bit of respect,Neither helps nor hurts my learning,Almost always,Belong somewhat,Sometimes,Quite difficult
stu-e12-40,n,null,null,null,null,null,null,null,null,null,null,null,null,null,null,null,null,null
stu-e12-41,y,Not at all concerned,Sometimes,Quite excited,Quite respectful,Almost never,Completely understand,Very positive,Sometimes,A tremendous amount of support,Slightly fair,Not at all likely,A little bit of respect,Neither helps nor hurts my learning,Once in a while,Completely belong,Frequently,Somewhat difficult
stu-e12-42,y,Quite concerned,Sometimes,Slightly excited,Slightly respectful,Once in a while,Understand quite a bit,Slightly positive,Once in a while,Quite a bit of support,Slightly fair,Somewhat likely,No respect at all,Hurts my learning a tremendous amount,Almost never,Belong quite a bit,Sometimes,Somewhat difficult
stu-e12-43,y,Not at all concerned,Sometimes,Somewhat excited,Quite respectful,Once in a while,Understand quite a bit,Neither negative or positive,Almost always,No support at all,Slightly unfair,Slightly likely,A tremendous amount of respect,Neither helps nor hurts my learning,Sometimes,Belong a little bit,Almost always,Somewhat difficult
stu-e12-44,y,Extremely concerned,Almost always,Somewhat excited,Slightly respectful,Almost never,Understand quite a bit,Somewhat positive,Frequently,A little bit of support,Very fair,Not at all likely,Quite a bit of respect,Neither helps nor hurts my learning,Almost never,Belong somewhat,Sometimes,Extremely difficult
stu-e12-45,n,null,null,null,null,null,null,null,null,null,null,null,null,null,null,null,null,null
stu-e12-46,y,Slightly concerned,Almost never,Not at all excited,Not at all respectful,Frequently,Do not understand at all,Very negative,Sometimes,A little bit of support,Very unfair,Somewhat likely,Quite a bit of respect,Helps my learning some,Sometimes,Belong a little bit,Almost never,Quite difficult
stu-e12-47,n,null,null,null,null,null,null,null,null,null,null,null,null,null,null,null,null,null
stu-e12-48,n,null,null,null,null,null,null,null,null,null,null,null,null,null,null,null,null,null
stu-e12-49,n,null,null,null,null,null,null,null,null,null,null,null,null,null,null,null,null,null
stu-e12-50,y,Extremely concerned,Frequently,Somewhat excited,Slightly respectful,Once in a while,Understand somewhat,Slightly negative,Almost never,Quite a bit of support,Neither unfair or fair,Somewhat likely,No respect at all,Hurts my learning a little bit,Frequently,Belong a little bit,Once in a while,Slightly difficult
stu-e12-51,y,Not at all concerned,Once in a while,Not at all excited,Not at all respectful,Once in a while,Understand quite a bit,Slightly positive,Frequently,Some support,Slightly fair,Somewhat likely,Some respect,Neither helps nor hurts my learning,Once in a while,Completely belong,Once in a while,Somewhat difficult
stu-e12-52,y,Not at all concerned,Once in a while,Not at all excited,Slightly respectful,Sometimes,Understand somewhat,Slightly positive,Once in a while,A tremendous amount of support,Somewhat fair,Quite likely,A little bit of respect,Hurts my learning a tremendous amount,Once in a while,Completely belong,Almost never,Not at all difficult
stu-e12-53,y,Not at all concerned,Almost never,Slightly excited,Not at all respectful,Almost always,Understand somewhat,Slightly negative,Almost never,A little bit of support,Somewhat unfair,Slightly likely,A little bit of respect,Hurts my learning a tremendous amount,Sometimes,Belong a little bit,Almost never,Extremely difficult
stu-e12-54,y,Extremely concerned,Frequently,Somewhat excited,Quite respectful,Frequently,Do not understand at all,Somewhat negative,Almost never,Quite a bit of support,Neither unfair or fair,Quite likely,A little bit of respect,Hurts my learning some,Once in a while,Belong quite a bit,Almost always,Not at all difficult
stu-e12-55,y,Somewhat concerned,Sometimes,Slightly excited,Slightly respectful,Once in a while,Understand somewhat,Neither negative or positive,Once in a while,Some support,Neither unfair or fair,Slightly likely,A little bit of respect,Hurts my learning some,Sometimes,Belong quite a bit,Almost never,Somewhat difficult
stu-e12-56,y,Somewhat concerned,Frequently,Quite excited,Somewhat respectful,Almost always,Do not understand at all,Neither negative or positive,Once in a while,Some support,Slightly unfair,Quite likely,No respect at all,Hurts my learning a tremendous amount,Almost always,Do not belong at all,Sometimes,Somewhat difficult
stu-e12-57,y,Slightly concerned,Sometimes,Somewhat excited,Slightly respectful,Almost always,Understand a little,Very negative,Frequently,Some support,Neither unfair or fair,Quite likely,Quite a bit of respect,Helps my learning some,Sometimes,Belong quite a bit,Sometimes,Somewhat difficult
stu-e12-58,n,null,null,null,null,null,null,null,null,null,null,null,null,null,null,null,null,null
stu-e12-59,n,null,null,null,null,null,null,null,null,null,null,null,null,null,null,null,null,null
stu-e12-60,n,null,null,null,null,null,null,null,null,null,null,null,null,null,null,null,null,null
stu-e12-61,y,Quite concerned,Frequently,Somewhat excited,Slightly respectful,Frequently,Understand a little,Very negative,Almost never,Some support,Neither unfair or fair,Quite likely,No respect at all,Hurts my learning a tremendous amount,Sometimes,Belong quite a bit,Sometimes,Quite difficult
stu-e12-62,y,Somewhat concerned,Sometimes,Quite excited,Extremely respectful,Almost always,Understand somewhat,Slightly negative,Almost never,No support at all,Very unfair,Quite likely,No respect at all,Neither helps nor hurts my learning,Sometimes,Belong somewhat,Almost always,Somewhat difficult
stu-e12-63,y,Slightly concerned,Sometimes,Slightly excited,Not at all respectful,Once in a while,Understand somewhat,Neither negative or positive,Frequently,A little bit of support,Slightly fair,Slightly likely,A tremendous amount of respect,Helps my learning a tremendous amount,Sometimes,Belong somewhat,Sometimes,Extremely difficult
stu-e12-64,y,Somewhat concerned,Once in a while,Not at all excited,Not at all respectful,Frequently,Understand a little,Somewhat negative,Almost never,A little bit of support,Slightly unfair,Somewhat likely,A little bit of respect,Neither helps nor hurts my learning,Almost always,Do not belong at all,Almost never,Somewhat difficult
stu-e12-65,y,Extremely concerned,Frequently,Somewhat excited,Slightly respectful,Sometimes,Understand somewhat,Neither negative or positive,Frequently,Some support,Slightly fair,Somewhat likely,Some respect,Neither helps nor hurts my learning,Almost never,Belong quite a bit,Once in a while,Somewhat difficult
stu-e12-66,y,Extremely concerned,Sometimes,Quite excited,Extremely respectful,Once in a while,Understand somewhat,Slightly negative,Almost never,A little bit of support,Very unfair,Quite likely,Some respect,Helps my learning a little bit,Almost always,Belong somewhat,Frequently,Quite difficult
stu-e12-67,y,Not at all concerned,Sometimes,Slightly excited,Not at all respectful,Sometimes,Understand a little,Somewhat negative,Frequently,No support at all,Slightly unfair,Extremely likely,Quite a bit of respect,Neither helps nor hurts my learning,Almost always,Belong somewhat,Sometimes,Somewhat difficult
stu-e12-68,y,Extremely concerned,Frequently,Quite excited,Quite respectful,Almost always,Understand a little,Very negative,Almost never,A little bit of support,Neither unfair or fair,Somewhat likely,No respect at all,Hurts my learning some,Once in a while,Belong quite a bit,Almost always,Quite difficult
stu-e12-69,n,null,null,null,null,null,null,null,null,null,null,null,null,null,null,null,null,null
stu-e12-70,n,null,null,null,null,null,null,null,null,null,null,null,null,null,null,null,null,null
stu-e12-71,y,Somewhat concerned,Frequently,Extremely excited,Quite respectful,Frequently,Understand a little,Neither negative or positive,Almost always,A tremendous amount of support,Slightly fair,Somewhat likely,Quite a bit of respect,Neither helps nor hurts my learning,Once in a while,Completely belong,Sometimes,Somewhat difficult
stu-e12-72,n,null,null,null,null,null,null,null,null,null,null,null,null,null,null,null,null,null
stu-e12-73,n,null,null,null,null,null,null,null,null,null,null,null,null,null,null,null,null,null
stu-e12-74,n,null,null,null,null,null,null,null,null,null,null,null,null,null,null,null,null,null
stu-e12-75,y,Slightly concerned,Once in a while,Not at all excited,Somewhat respectful,Almost never,Completely understand,Slightly positive,Once in a while,No support at all,Somewhat fair,Slightly likely,Some respect,Hurts my learning a little bit,Once in a while,Completely belong,Frequently,Somewhat difficult
stu-e12-76,y,Extremely concerned,Almost always,Somewhat excited,Slightly respectful,Almost never,Understand somewhat,Slightly positive,Almost never,A tremendous amount of support,Somewhat fair,Quite likely,No respect at all,Hurts my learning a tremendous amount,Sometimes,Belong a little bit,Once in a while,Slightly difficult
stu-e12-77,n,null,null,null,null,null,null,null,null,null,null,null,null,null,null,null,null,null
stu-e12-78,y,Not at all concerned,Almost never,Somewhat excited,Slightly respectful,Almost always,Understand a little,Very negative,Once in a while,A little bit of support,Very unfair,Somewhat likely,No respect at all,Hurts my learning some,Almost always,Belong a little bit,Once in a while,Extremely difficult
stu-e12-79,y,Extremely concerned,Frequently,Quite excited,Extremely respectful,Almost always,Do not understand at all,Neither negative or positive,Frequently,Quite a bit of support,Neither unfair or fair,Extremely likely,Some respect,Helps my learning a little bit,Sometimes,Belong quite a bit,Frequently,Not at all difficult
stu-e12-80,n,null,null,null,null,null,null,null,null,null,null,null,null,null,null,null,null,null
stu-e12-81,y,Slightly concerned,Once in a while,Not at all excited,Slightly respectful,Sometimes,Understand somewhat,Neither negative or positive,Frequently,Quite a bit of support,Neither unfair or fair,Quite likely,Some respect,Hurts my learning a little bit,Frequently,Belong a little bit,Once in a while,Slightly difficult
stu-e12-82,n,null,null,null,null,null,null,null,null,null,null,null,null,null,null,null,null,null
stu-e12-83,n,null,null,null,null,null,null,null,null,null,null,null,null,null,null,null,null,null
stu-e12-84,n,null,null,null,null,null,null,null,null,null,null,null,null,null,null,null,null,null
stu-e12-85,y,Quite concerned,Sometimes,Somewhat excited,Slightly respectful,Once in a while,Understand somewhat,Neither negative or positive,Once in a while,A little bit of support,Slightly fair,Quite likely,A little bit of respect,Hurts my learning some,Sometimes,Belong a little bit,Almost never,Quite difficult
stu-e12-86,y,Somewhat concerned,Sometimes,Somewhat excited,Slightly respectful,Frequently,Understand somewhat,Slightly negative,Sometimes,No support at all,Neither unfair or fair,Somewhat likely,Quite a bit of respect,Helps my learning a little bit,Frequently,Do not belong at all,Once in a while,Somewhat difficult
stu-e12-87,n,null,null,null,null,null,null,null,null,null,null,null,null,null,null,null,null,null
stu-e12-88,n,null,null,null,null,null,null,null,null,null,null,null,null,null,null,null,null,null
stu-e12-89,y,Extremely concerned,Frequently,Extremely excited,Quite respectful,Sometimes,Understand somewhat,Neither negative or positive,Sometimes,A tremendous amount of support,Slightly unfair,Quite likely,A little bit of respect,Neither helps nor hurts my learning,Almost always,Belong a little bit,Almost always,Slightly difficult
stu-e12-90,n,null,null,null,null,null,null,null,null,null,null,null,null,null,null,null,null,null
stu-e12-91,n,null,null,null,null,null,null,null,null,null,null,null,null,null,null,null,null,null
stu-e12-92,n,null,null,null,null,null,null,null,null,null,null,null,null,null,null,null,null,null
stu-e12-93,y,Slightly concerned,Sometimes,Quite excited,Somewhat respectful,Frequently,Understand a little,Slightly negative,Almost never,Some support,Slightly unfair,Quite likely,A little bit of respect,Hurts my learning a tremendous amount,Almost always,Belong a little bit,Once in a while,Somewhat difficult
stu-e12-94,y,Somewhat concerned,Sometimes,Slightly excited,Somewhat respectful,Almost never,Understand somewhat,Slightly positive,Almost always,Some support,Somewhat fair,Somewhat likely,Quite a bit of respect,Helps my learning some,Sometimes,Belong somewhat,Once in a while,Slightly difficult
stu-e12-95,n,null,null,null,null,null,null,null,null,null,null,null,null,null,null,null,null,null
stu-e12-96,n,null,null,null,null,null,null,null,null,null,null,null,null,null,null,null,null,null
stu-e12-97,n,null,null,null,null,null,null,null,null,null,null,null,null,null,null,null,null,null
stu-e12-98,y,Extremely concerned,Frequently,Quite excited,Quite respectful,Once in a while,Understand quite a bit,Slightly positive,Frequently,Some support,Very fair,Somewhat likely,A tremendous amount of respect,Helps my learning some,Sometimes,Belong quite a bit,Sometimes,Somewhat difficult
stu-e12-99,y,Quite concerned,Sometimes,Quite excited,Quite respectful,Almost always,Do not understand at all,Somewhat negative,Almost always,A little bit of support,Slightly unfair,Extremely likely,Quite a bit of respect,Helps my learning a little bit,Sometimes,Belong somewhat,Almost always,Quite difficult
stu-e12-100,n,null,null,null,null,null,null,null,null,null,null,null,null,null,null,null,null,null
stu-e12-101,n,null,null,null,null,null,null,null,null,null,null,null,null,null,null,null,null,null
stu-e12-102,y,Slightly concerned,Almost never,Slightly excited,Not at all respectful,Once in a while,Completely understand,Neither negative or positive,Frequently,No support at all,Neither unfair or fair,Somewhat likely,Quite a bit of respect,Helps my learning some,Once in a while,Belong quite a bit,Once in a while,Quite difficult
stu-e12-103,y,Slightly concerned,Almost never,Slightly excited,Somewhat respectful,Once in a while,Completely understand,Very positive,Once in a while,A little bit of support,Very fair,Not at all likely,A little bit of respect,Hurts my learning a little bit,Sometimes,Belong a little bit,Sometimes,Extremely difficult
stu-e12-104,y,Quite concerned,Sometimes,Slightly excited,Slightly respectful,Frequently,Do not understand at all,Neither negative or positive,Once in a while,A little bit of support,Slightly fair,Somewhat likely,Some respect,Helps my learning a little bit,Once in a while,Completely belong,Sometimes,Quite difficult
stu-e12-105,n,null,null,null,null,null,null,null,null,null,null,null,null,null,null,null,null,null
stu-e12-106,y,Quite concerned,Sometimes,Quite excited,Somewhat respectful,Sometimes,Understand a little,Slightly negative,Once in a while,No support at all,Somewhat unfair,Somewhat likely,A little bit of respect,Hurts my learning some,Sometimes,Belong a little bit,Sometimes,Somewhat difficult
stu-e12-107,n,null,null,null,null,null,null,null,null,null,null,null,null,null,null,null,null,null
stu-e12-108,n,null,null,null,null,null,null,null,null,null,null,null,null,null,null,null,null,null
stu-e12-109,n,null,null,null,null,null,null,null,null,null,null,null,null,null,null,null,null,null
stu-e12-110,y,Quite concerned,Frequently,Somewhat excited,Slightly respectful,Once in a while,Understand somewhat,Slightly negative,Once in a while,A little bit of support,Somewhat unfair,Somewhat likely,A little bit of respect,Neither helps nor hurts my learning,Sometimes,Belong somewhat,Once in a while,Somewhat difficult
stu-e12-111,n,null,null,null,null,null,null,null,null,null,null,null,null,null,null,null,null,null
stu-e12-112,n,null,null,null,null,null,null,null,null,null,null,null,null,null,null,null,null,null
stu-e12-113,n,null,null,null,null,null,null,null,null,null,null,null,null,null,null,null,null,null
stu-e12-114,n,null,null,null,null,null,null,null,null,null,null,null,null,null,null,null,null,null
stu-e12-115,y,Extremely concerned,Frequently,Extremely excited,Extremely respectful,Sometimes,Understand somewhat,Neither negative or positive,Almost never,Some support,Neither unfair or fair,Slightly likely,No respect at all,Neither helps nor hurts my learning,Sometimes,Belong quite a bit,Almost always,Slightly difficult
stu-e12-116,y,Slightly concerned,Sometimes,Slightly excited,Somewhat respectful,Frequently,Understand somewhat,Slightly negative,Sometimes,A little bit of support,Somewhat unfair,Slightly likely,A little bit of respect,Hurts my learning a tremendous amount,Almost always,Do not belong at all,Frequently,Somewhat difficult
stu-e12-117,y,Quite concerned,Sometimes,Slightly excited,Somewhat respectful,Almost always,Understand somewhat,Slightly negative,Once in a while,A little bit of support,Neither unfair or fair,Slightly likely,Some respect,Helps my learning a little bit,Sometimes,Belong quite a bit,Once in a while,Somewhat difficult
stu-e12-118,y,Somewhat concerned,Sometimes,Quite excited,Extremely respectful,Sometimes,Understand a little,Slightly negative,Almost never,A tremendous amount of support,Slightly unfair,Somewhat likely,No respect at all,Hurts my learning a tremendous amount,Frequently,Belong somewhat,Almost always,Slightly difficult
stu-e12-119,n,null,null,null,null,null,null,null,null,null,null,null,null,null,null,null,null,null
stu-e12-120,y,Not at all concerned,Once in a while,Slightly excited,Slightly respectful,Almost always,Do not understand at all,Slightly negative,Once in a while,Some support,Somewhat unfair,Quite likely,A little bit of respect,Hurts my learning a little bit,Almost always,Belong a little bit,Sometimes,Quite difficult
stu-e12-121,n,null,null,null,null,null,null,null,null,null,null,null,null,null,null,null,null,null
stu-e12-122,y,Quite concerned,Frequently,Quite excited,Quite respectful,Frequently,Understand a little,Somewhat negative,Once in a while,A tremendous amount of support,Very unfair,Extremely likely,Some respect,Helps my learning a little bit,Sometimes,Belong somewhat,Frequently,Somewhat difficult
stu-e12-123,n,null,null,null,null,null,null,null,null,null,null,null,null,null,null,null,null,null
stu-e12-124,n,null,null,null,null,null,null,null,null,null,null,null,null,null,null,null,null,null
stu-e12-125,y,Quite concerned,Almost always,Somewhat excited,Quite respectful,Frequently,Do not understand at all,Somewhat negative,Almost never,No support at all,Somewhat unfair,Somewhat likely,No respect at all,Hurts my learning some,Almost always,Do not belong at all,Sometimes,Extremely difficult
stu-e12-126,y,Somewhat concerned,Frequently,Quite excited,Somewhat respectful,Once in a while,Completely understand,Very positive,Frequently,Quite a bit of support,Slightly fair,Somewhat likely,Some respect,Neither helps nor hurts my learning,Sometimes,Belong quite a bit,Sometimes,Not at all difficult
stu-e12-127,y,Extremely concerned,Almost always,Extremely excited,Quite respectful,Almost always,Do not understand at all,Slightly negative,Almost always,A tremendous amount of support,Somewhat unfair,Somewhat likely,Some respect,Hurts my learning a little bit,Almost always,Do not belong at all,Sometimes,Not at all difficult
stu-e12-128,y,Somewhat concerned,Sometimes,Slightly excited,Somewhat respectful,Almost always,Understand a little,Slightly negative,Once in a while,A little bit of support,Neither unfair or fair,Somewhat likely,Some respect,Neither helps nor hurts my learning,Frequently,Belong somewhat,Sometimes,Extremely difficult
stu-e12-129,y,Not at all concerned,Sometimes,Slightly excited,Somewhat respectful,Sometimes,Understand a little,Very negative,Sometimes,A little bit of support,Slightly unfair,Somewhat likely,A little bit of respect,Hurts my learning a little bit,Almost always,Belong a little bit,Once in a while,Extremely difficult
stu-e12-130,n,null,null,null,null,null,null,null,null,null,null,null,null,null,null,null,null,null
stu-e12-131,y,Quite concerned,Sometimes,Somewhat excited,Quite respectful,Almost always,Understand a little,Very negative,Frequently,A tremendous amount of support,Very unfair,Extremely likely,Quite a bit of respect,Helps my learning a little bit,Sometimes,Belong a little bit,Almost always,Somewhat difficult
stu-e12-132,n,null,null,null,null,null,null,null,null,null,null,null,null,null,null,null,null,null
stu-e12-133,n,null,null,null,null,null,null,null,null,null,null,null,null,null,null,null,null,null
stu-e12-134,n,null,null,null,null,null,null,null,null,null,null,null,null,null,null,null,null,null
stu-e12-135,n,null,null,null,null,null,null,null,null,null,null,null,null,null,null,null,null,null
stu-e12-136,n,null,null,null,null,null,null,null,null,null,null,null,null,null,null,null,null,null
stu-e12-137,y,Quite concerned,Almost always,Quite excited,Somewhat respectful,Almost always,Understand a little,Very negative,Almost always,A little bit of support,Slightly unfair,Somewhat likely,Some respect,Helps my learning a little bit,Almost always,Belong a little bit,Frequently,Quite difficult
stu-e12-138,n,null,null,null,null,null,null,null,null,null,null,null,null,null,null,null,null,null
stu-e12-139,n,null,null,null,null,null,null,null,null,null,null,null,null,null,null,null,null,null
stu-e12-140,n,null,null,null,null,null,null,null,null,null,null,null,null,null,null,null,null,null
stu-e12-141,y,Extremely concerned,Almost always,Extremely excited,Quite respectful,Almost never,Completely understand,Somewhat positive,Once in a while,A tremendous amount of support,Slightly fair,Not at all likely,A little bit of respect,Hurts my learning a little bit,Almost never,Completely belong,Sometimes,Not at all difficult
stu-e12-142,y,Quite concerned,Almost always,Quite excited,Extremely respectful,Sometimes,Understand somewhat,Neither negative or positive,Almost never,No support at all,Neither unfair or fair,Somewhat likely,A little bit of respect,Hurts my learning a little bit,Once in a while,Completely belong,Almost always,Extremely difficult
stu-e12-143,y,Extremely concerned,Sometimes,Slightly excited,Somewhat respectful,Frequently,Do not understand at all,Somewhat negative,Almost always,No support at all,Somewhat unfair,Extremely likely,Some respect,Neither helps nor hurts my learning,Sometimes,Belong somewhat,Once in a while,Extremely difficult
stu-e12-144,y,Somewhat concerned,Frequently,Quite excited,Somewhat respectful,Once in a while,Understand quite a bit,Somewhat positive,Almost never,Quite a bit of support,Slightly fair,Not at all likely,Some respect,Helps my learning a little bit,Sometimes,Belong a little bit,Once in a while,Somewhat difficult
stu-e12-145,y,Quite concerned,Frequently,Extremely excited,Quite respectful,Sometimes,Understand quite a bit,Somewhat positive,Almost always,A little bit of support,Neither unfair or fair,Somewhat likely,Quite a bit of respect,Helps my learning a tremendous amount,Frequently,Belong somewhat,Frequently,Somewhat difficult
stu-e12-146,y,Not at all concerned,Once in a while,Somewhat excited,Slightly respectful,Sometimes,Understand somewhat,Slightly positive,Frequently,Quite a bit of support,Neither unfair or fair,Slightly likely,Quite a bit of respect,Neither helps nor hurts my learning,Frequently,Do not belong at all,Almost never,Not at all difficult
stu-e12-147,y,Slightly concerned,Sometimes,Quite excited,Quite respectful,Sometimes,Understand a little,Slightly negative,Almost always,Quite a bit of support,Somewhat unfair,Somewhat likely,Quite a bit of respect,Neither helps nor hurts my learning,Sometimes,Belong a little bit,Frequently,Slightly difficult
stu-e12-148,n,null,null,null,null,null,null,null,null,null,null,null,null,null,null,null,null,null
stu-e12-149,n,null,null,null,null,null,null,null,null,null,null,null,null,null,null,null,null,null
stu-e12-150,n,null,null,null,null,null,null,null,null,null,null,null,null,null,null,null,null,null
stu-e12-151,n,null,null,null,null,null,null,null,null,null,null,null,null,null,null,null,null,null
stu-e12-152,n,null,null,null,null,null,null,null,null,null,null,null,null,null,null,null,null,null
stu-e12-153,n,null,null,null,null,null,null,null,null,null,null,null,null,null,null,null,null,null
stu-e12-154,n,null,null,null,null,null,null,null,null,null,null,null,null,null,null,null,null,null
stu-e12-155,y,Quite concerned,Sometimes,Quite excited,Somewhat respectful,Almost never,Completely understand,Very positive,Sometimes,No support at all,Somewhat fair,Not at all likely,Some respect,Neither helps nor hurts my learning,Sometimes,Belong a little bit,Once in a while,Somewhat difficult
stu-e12-156,n,null,null,null,null,null,null,null,null,null,null,null,null,null,null,null,null,null
stu-e12-157,y,Not at all concerned,Almost never,Slightly excited,Slightly respectful,Almost never,Understand somewhat,Slightly negative,Almost never,A tremendous amount of support,Slightly unfair,Somewhat likely,Some respect,Hurts my learning a little bit,Frequently,Belong a little bit,Sometimes,Somewhat difficult
stu-e12-158,n,null,null,null,null,null,null,null,null,null,null,null,null,null,null,null,null,null
stu-e12-159,n,null,null,null,null,null,null,null,null,null,null,null,null,null,null,null,null,null
stu-e12-160,y,Quite concerned,Almost always,Extremely excited,Quite respectful,Sometimes,Understand a little,Somewhat negative,Sometimes,Quite a bit of support,Somewhat unfair,Somewhat likely,Quite a bit of respect,Helps my learning a tremendous amount,Sometimes,Belong somewhat,Sometimes,Slightly difficult
stu-e12-161,y,Quite concerned,Frequently,Quite excited,Extremely respectful,Sometimes,Understand somewhat,Neither negative or positive,Frequently,Quite a bit of support,Neither unfair or fair,Quite likely,Quite a bit of respect,Helps my learning a tremendous amount,Once in a while,Belong somewhat,Almost always,Not at all difficult
stu-e12-162,y,Not at all concerned,Sometimes,Somewhat excited,Somewhat respectful,Frequently,Understand somewhat,Slightly negative,Frequently,Quite a bit of support,Slightly unfair,Slightly likely,A tremendous amount of respect,Helps my learning a tremendous amount,Sometimes,Belong somewhat,Once in a while,Slightly difficult
stu-e12-163,n,null,null,null,null,null,null,null,null,null,null,null,null,null,null,null,null,null
stu-e12-164,n,null,null,null,null,null,null,null,null,null,null,null,null,null,null,null,null,null
stu-e12-165,y,Quite concerned,Almost always,Somewhat excited,Somewhat respectful,Almost always,Do not understand at all,Somewhat negative,Sometimes,Quite a bit of support,Somewhat unfair,Extremely likely,A little bit of respect,Hurts my learning a tremendous amount,Sometimes,Belong a little bit,Once in a while,Not at all difficult
stu-e12-166,n,null,null,null,null,null,null,null,null,null,null,null,null,null,null,null,null,null
stu-e12-167,y,Extremely concerned,Frequently,Somewhat excited,Quite respectful,Almost never,Understand somewhat,Slightly negative,Almost always,A little bit of support,Neither unfair or fair,Slightly likely,A tremendous amount of respect,Helps my learning a tremendous amount,Once in a while,Belong quite a bit,Almost always,Quite difficult
stu-e12-168,y,Extremely concerned,Almost always,Somewhat excited,Slightly respectful,Almost never,Understand quite a bit,Somewhat positive,Almost always,Some support,Very fair,Somewhat likely,Quite a bit of respect,Helps my learning some,Almost never,Completely belong,Once in a while,Slightly difficult
stu-e12-169,y,Slightly concerned,Once in a while,Somewhat excited,Somewhat respectful,Sometimes,Understand a little,Neither negative or positive,Almost never,A tremendous amount of support,Neither unfair or fair,Somewhat likely,A little bit of respect,Hurts my learning some,Sometimes,Belong somewhat,Frequently,Somewhat difficult
stu-e12-170,n,null,null,null,null,null,null,null,null,null,null,null,null,null,null,null,null,null
stu-e12-171,n,null,null,null,null,null,null,null,null,null,null,null,null,null,null,null,null,null
stu-e12-172,y,Quite concerned,Frequently,Somewhat excited,Slightly respectful,Almost always,Understand a little,Slightly negative,Once in a while,No support at all,Slightly unfair,Extremely likely,No respect at all,Hurts my learning some,Frequently,Do not belong at all,Almost never,Extremely difficult
stu-e12-173,n,null,null,null,null,null,null,null,null,null,null,null,null,null,null,null,null,null
stu-e12-174,n,null,null,null,null,null,null,null,null,null,null,null,null,null,null,null,null,null
stu-e12-175,n,null,null,null,null,null,null,null,null,null,null,null,null,null,null,null,null,null
stu-e12-176,y,Slightly concerned,Sometimes,Slightly excited,Somewhat respectful,Almost never,Completely understand,Very positive,Almost never,A little bit of support,Neither unfair or fair,Slightly likely,A little bit of respect,Hurts my learning a tremendous amount,Frequently,Belong somewhat,Frequently,Somewhat difficult
stu-e12-177,y,Quite concerned,Sometimes,Quite excited,Somewhat respectful,Almost never,Understand somewhat,Slightly negative,Once in a while,Quite a bit of support,Neither unfair or fair,Somewhat likely,Some respect,Neither helps nor hurts my learning,Frequently,Do not belong at all,Sometimes,Slightly difficult
stu-e12-178,n,null,null,null,null,null,null,null,null,null,null,null,null,null,null,null,null,null
stu-e12-179,y,Quite concerned,Almost always,Quite excited,Quite respectful,Once in a while,Understand quite a bit,Somewhat positive,Frequently,A tremendous amount of support,Somewhat fair,Somewhat likely,Some respect,Helps my learning a little bit,Almost never,Completely belong,Frequently,Somewhat difficult
stu-e12-180,y,Extremely concerned,Almost always,Somewhat excited,Slightly respectful,Once in a while,Completely understand,Somewhat positive,Sometimes,A little bit of support,Neither unfair or fair,Slightly likely,Some respect,Helps my learning a little bit,Once in a while,Completely belong,Almost never,Extremely difficult
stu-e12-181,n,null,null,null,null,null,null,null,null,null,null,null,null,null,null,null,null,null
stu-e12-182,n,null,null,null,null,null,null,null,null,null,null,null,null,null,null,null,null,null
stu-e12-183,n,null,null,null,null,null,null,null,null,null,null,null,null,null,null,null,null,null
stu-e12-184,n,null,null,null,null,null,null,null,null,null,null,null,null,null,null,null,null,null
stu-e12-185,y,Quite concerned,Sometimes,Somewhat excited,Quite respectful,Almost always,Understand somewhat,Slightly positive,Once in a while,Some support,Slightly fair,Quite likely,No respect at all,Hurts my learning a tremendous amount,Almost never,Belong quite a bit,Almost always,Somewhat difficult
stu-e12-186,y,Somewhat concerned,Sometimes,Quite excited,Somewhat respectful,Once in a while,Understand quite a bit,Very positive,Once in a while,Quite a bit of support,Neither unfair or fair,Somewhat likely,No respect at all,Hurts my learning some,Frequently,Do not belong at all,Frequently,Not at all difficult
stu-e12-187,n,null,null,null,null,null,null,null,null,null,null,null,null,null,null,null,null,null
stu-e12-188,y,Slightly concerned,Almost never,Somewhat excited,Slightly respectful,Almost always,Do not understand at all,Slightly negative,Sometimes,A little bit of support,Somewhat unfair,Extremely likely,A little bit of respect,Hurts my learning some,Frequently,Belong somewhat,Almost never,Extremely difficult
stu-e12-189,y,Somewhat concerned,Sometimes,Quite excited,Somewhat respectful,Almost always,Understand somewhat,Slightly positive,Once in a while,No support at all,Slightly fair,Slightly likely,No respect at all,Neither helps nor hurts my learning,Once in a while,Belong somewhat,Sometimes,Somewhat difficult
stu-e12-190,n,null,null,null,null,null,null,null,null,null,null,null,null,null,null,null,null,null
stu-e12-191,y,Extremely concerned,Sometimes,Slightly excited,Slightly respectful,Almost always,Do not understand at all,Neither negative or positive,Once in a while,Quite a bit of support,Neither unfair or fair,Extremely likely,A little bit of respect,Hurts my learning a tremendous amount,Frequently,Belong somewhat,Once in a while,Not at all difficult
stu-e12-192,n,null,null,null,null,null,null,null,null,null,null,null,null,null,null,null,null,null
stu-e12-193,y,Not at all concerned,Almost never,Not at all excited,Not at all respectful,Almost always,Understand somewhat,Slightly positive,Sometimes,A little bit of support,Neither unfair or fair,Quite likely,A little bit of respect,Hurts my learning a little bit,Sometimes,Belong a little bit,Almost never,Somewhat difficult
stu-e12-194,y,Somewhat concerned,Sometimes,Quite excited,Extremely respectful,Once in a while,Understand somewhat,Neither negative or positive,Once in a while,A tremendous amount of support,Neither unfair or fair,Somewhat likely,A little bit of respect,Neither helps nor hurts my learning,Once in a while,Belong quite a bit,Frequently,Somewhat difficult
stu-e12-195,n,null,null,null,null,null,null,null,null,null,null,null,null,null,null,null,null,null
stu-e12-196,n,null,null,null,null,null,null,null,null,null,null,null,null,null,null,null,null,null
stu-e12-197,n,null,null,null,null,null,null,null,null,null,null,null,null,null,null,null,null,null
stu-e12-198,y,Extremely concerned,Sometimes,Somewhat excited,Somewhat respectful,Almost always,Do not understand at all,Slightly negative,Frequently,A little bit of support,Somewhat unfair,Quite likely,Some respect,Neither helps nor hurts my learning,Almost always,Belong a little bit,Frequently,Somewhat difficult
stu-e12-199,y,Slightly concerned,Sometimes,Somewhat excited,Quite respectful,Almost never,Understand quite a bit,Very positive,Almost never,A little bit of support,Very fair,Somewhat likely,Some respect,Helps my learning a little bit,Sometimes,Belong quite a bit,Almost always,Quite difficult
stu-e12-200,y,Somewhat concerned,Sometimes,Slightly excited,Slightly respectful,Almost never,Understand quite a bit,Neither negative or positive,Frequently,A little bit of support,Slightly unfair,Not at all likely,Some respect,Neither helps nor hurts my learning,Almost always,Belong a little bit,Almost never,Somewhat difficult
stu-e12-201,y,Not at all concerned,Sometimes,Quite excited,Quite respectful,Almost always,Do not understand at all,Slightly negative,Once in a while,Some support,Slightly unfair,Somewhat likely,Some respect,Helps my learning a little bit,Sometimes,Belong somewhat,Almost always,Quite difficult
stu-e12-202,n,null,null,null,null,null,null,null,null,null,null,null,null,null,null,null,null,null
stu-e12-203,n,null,null,null,null,null,null,null,null,null,null,null,null,null,null,null,null,null
stu-e12-204,y,Not at all concerned,Almost never,Not at all excited,Slightly respectful,Almost always,Understand somewhat,Slightly negative,Frequently,A little bit of support,Very unfair,Somewhat likely,Quite a bit of respect,Helps my learning some,Frequently,Do not belong at all,Once in a while,Quite difficult
stu-e12-205,y,Quite concerned,Almost always,Quite excited,Extremely respectful,Almost always,Understand a little,Neither negative or positive,Almost always,A little bit of support,Slightly fair,Extremely likely,Quite a bit of respect,Helps my learning a tremendous amount,Sometimes,Belong quite a bit,Sometimes,Quite difficult
stu-e12-206,y,Extremely concerned,Sometimes,Somewhat excited,Slightly respectful,Almost never,Understand somewhat,Slightly negative,Almost never,A little bit of support,Somewhat unfair,Quite likely,No respect at all,Hurts my learning a little bit,Frequently,Do not belong at all,Once in a while,Quite difficult
stu-e12-207,y,Not at all concerned,Almost never,Not at all excited,Somewhat respectful,Frequently,Understand a little,Neither negative or positive,Frequently,A tremendous amount of support,Neither unfair or fair,Extremely likely,Quite a bit of respect,Helps my learning a tremendous amount,Sometimes,Belong somewhat,Once in a while,Somewhat difficult
stu-e12-208,y,Slightly concerned,Almost never,Not at all excited,Slightly respectful,Almost always,Do not understand at all,Neither negative or positive,Once in a while,Quite a bit of support,Neither unfair or fair,Quite likely,A little bit of respect,Hurts my learning some,Once in a while,Belong quite a bit,Almost never,Not at all difficult
stu-e12-209,y,Quite concerned,Frequently,Somewhat excited,Slightly respectful,Sometimes,Understand a little,Very negative,Sometimes,A little bit of support,Slightly unfair,Quite likely,A little bit of respect,Neither helps nor hurts my learning,Almost always,Belong a little bit,Almost never,Somewhat difficult
stu-e12-210,y,Quite concerned,Sometimes,Somewhat excited,Somewhat respectful,Sometimes,Understand quite a bit,Slightly positive,Almost always,Some support,Neither unfair or fair,Somewhat likely,Some respect,Hurts my learning a little bit,Sometimes,Belong quite a bit,Frequently,Slightly difficult
stu-e12-211,y,Quite concerned,Sometimes,Quite excited,Somewhat respectful,Sometimes,Understand quite a bit,Somewhat positive,Frequently,A tremendous amount of support,Slightly fair,Somewhat likely,Quite a bit of respect,Neither helps nor hurts my learning,Sometimes,Belong a little bit,Sometimes,Slightly difficult
stu-e12-212,n,null,null,null,null,null,null,null,null,null,null,null,null,null,null,null,null,null
stu-e12-213,n,null,null,null,null,null,null,null,null,null,null,null,null,null,null,null,null,null
stu-e12-214,n,null,null,null,null,null,null,null,null,null,null,null,null,null,null,null,null,null
stu-e12-215,y,Extremely concerned,Sometimes,Slightly excited,Somewhat respectful,Almost always,Understand somewhat,Slightly negative,Frequently,A little bit of support,Somewhat unfair,Slightly likely,Some respect,Neither helps nor hurts my learning,Frequently,Belong somewhat,Frequently,Somewhat difficult
stu-e12-216,n,null,null,null,null,null,null,null,null,null,null,null,null,null,null,null,null,null
stu-e12-217,n,null,null,null,null,null,null,null,null,null,null,null,null,null,null,null,null,null
stu-e12-218,y,Somewhat concerned,Frequently,Quite excited,Quite respectful,Almost never,Completely understand,Very positive,Once in a while,Quite a bit of support,Neither unfair or fair,Not at all likely,Some respect,Hurts my learning a little bit,Frequently,Belong somewhat,Almost always,Slightly difficult
stu-e12-219,y,Somewhat concerned,Frequently,Quite excited,Extremely respectful,Almost never,Understand quite a bit,Neither negative or positive,Frequently,A little bit of support,Neither unfair or fair,Somewhat likely,Some respect,Helps my learning a little bit,Once in a while,Completely belong,Sometimes,Somewhat difficult
stu-e12-220,n,null,null,null,null,null,null,null,null,null,null,null,null,null,null,null,null,null
stu-e12-221,y,Not at all concerned,Sometimes,Somewhat excited,Quite respectful,Frequently,Do not understand at all,Slightly negative,Almost always,Some support,Slightly unfair,Extremely likely,Some respect,Helps my learning a little bit,Almost always,Belong somewhat,Sometimes,Slightly difficult
stu-e12-222,n,null,null,null,null,null,null,null,null,null,null,null,null,null,null,null,null,null
stu-e12-223,n,null,null,null,null,null,null,null,null,null,null,null,null,null,null,null,null,null
stu-e12-224,n,null,null,null,null,null,null,null,null,null,null,null,null,null,null,null,null,null
stu-e12-225,y,Quite concerned,Frequently,Extremely excited,Extremely respectful,Frequently,Understand somewhat,Neither negative or positive,Almost never,Some support,Neither unfair or fair,Slightly likely,A little bit of respect,Hurts my learning a little bit,Sometimes,Belong a little bit,Frequently,Slightly difficult
stu-e12-226,y,Quite concerned,Frequently,Quite excited,Somewhat respectful,Almost never,Understand somewhat,Slightly positive,Almost never,A little bit of support,Very fair,Somewhat likely,A little bit of respect,Hurts my learning a little bit,Sometimes,Belong somewhat,Frequently,Somewhat difficult
stu-e12-227,n,null,null,null,null,null,null,null,null,null,null,null,null,null,null,null,null,null
stu-e12-228,n,null,null,null,null,null,null,null,null,null,null,null,null,null,null,null,null,null
stu-e12-229,n,null,null,null,null,null,null,null,null,null,null,null,null,null,null,null,null,null
stu-e12-230,n,null,null,null,null,null,null,null,null,null,null,null,null,null,null,null,null,null
stu-e12-231,n,null,null,null,null,null,null,null,null,null,null,null,null,null,null,null,null,null
stu-e12-232,n,null,null,null,null,null,null,null,null,null,null,null,null,null,null,null,null,null
stu-e12-233,n,null,null,null,null,null,null,null,null,null,null,null,null,null,null,null,null,null
stu-e12-234,y,Extremely concerned,Almost always,Somewhat excited,Slightly respectful,Once in a while,Completely understand,Slightly positive,Sometimes,Quite a bit of support,Very fair,Slightly likely,Quite a bit of respect,Neither helps nor hurts my learning,Sometimes,Belong quite a bit,Almost never,Not at all difficult
stu-e12-235,n,null,null,null,null,null,null,null,null,null,null,null,null,null,null,null,null,null
stu-e12-236,n,null,null,null,null,null,null,null,null,null,null,null,null,null,null,null,null,null
stu-e12-237,n,null,null,null,null,null,null,null,null,null,null,null,null,null,null,null,null,null
stu-e12-238,n,null,null,null,null,null,null,null,null,null,null,null,null,null,null,null,null,null
stu-e12-239,n,null,null,null,null,null,null,null,null,null,null,null,null,null,null,null,null,null
stu-e12-240,y,Slightly concerned,Sometimes,Somewhat excited,Somewhat respectful,Almost never,Completely understand,Somewhat positive,Once in a while,A tremendous amount of support,Neither unfair or fair,Slightly likely,A little bit of respect,Hurts my learning a tremendous amount,Frequently,Do not belong at all,Once in a while,Not at all difficult
stu-e12-241,y,Quite concerned,Sometimes,Slightly excited,Not at all respectful,Frequently,Understand somewhat,Neither negative or positive,Almost never,A little bit of support,Slightly fair,Quite likely,A little bit of respect,Hurts my learning a little bit,Almost never,Completely belong,Once in a while,Quite difficult
stu-e12-242,n,null,null,null,null,null,null,null,null,null,null,null,null,null,null,null,null,null
stu-e12-243,n,null,null,null,null,null,null,null,null,null,null,null,null,null,null,null,null,null
stu-e12-244,y,Not at all concerned,Once in a while,Somewhat excited,Slightly respectful,Frequently,Understand somewhat,Slightly positive,Almost always,Quite a bit of support,Neither unfair or fair,Quite likely,A tremendous amount of respect,Helps my learning some,Frequently,Do not belong at all,Sometimes,Not at all difficult
stu-e12-245,n,null,null,null,null,null,null,null,null,null,null,null,null,null,null,null,null,null
stu-e12-246,y,Somewhat concerned,Once in a while,Somewhat excited,Slightly respectful,Frequently,Understand a little,Neither negative or positive,Almost never,Quite a bit of support,Slightly fair,Somewhat likely,Some respect,Hurts my learning a little bit,Sometimes,Belong a little bit,Once in a while,Slightly difficult
stu-e12-247,n,null,null,null,null,null,null,null,null,null,null,null,null,null,null,null,null,null
stu-e12-248,y,Not at all concerned,Almost never,Slightly excited,Slightly respectful,Sometimes,Understand quite a bit,Slightly positive,Frequently,A little bit of support,Slightly fair,Slightly likely,Quite a bit of respect,Helps my learning some,Once in a while,Completely belong,Sometimes,Extremely difficult
stu-e12-249,n,null,null,null,null,null,null,null,null,null,null,null,null,null,null,null,null,null
stu-e12-250,n,null,null,null,null,null,null,null,null,null,null,null,null,null,null,null,null,null
stu-e12-251,y,Quite concerned,Almost always,Somewhat excited,Slightly respectful,Once in a while,Understand quite a bit,Very positive,Once in a while,No support at all,Somewhat fair,Not at all likely,No respect at all,Neither helps nor hurts my learning,Almost never,Completely belong,Almost never,Quite difficult
stu-e12-252,y,Somewhat concerned,Frequently,Somewhat excited,Slightly respectful,Once in a while,Completely understand,Very positive,Frequently,No support at all,Slightly fair,Slightly likely,Some respect,Hurts my learning a little bit,Almost never,Belong somewhat,Almost never,Somewhat difficult
stu-e12-253,n,null,null,null,null,null,null,null,null,null,null,null,null,null,null,null,null,null
stu-e12-254,n,null,null,null,null,null,null,null,null,null,null,null,null,null,null,null,null,null
stu-e12-255,n,null,null,null,null,null,null,null,null,null,null,null,null,null,null,null,null,null
stu-e12-256,y,Slightly concerned,Once in a while,Not at all excited,Not at all respectful,Sometimes,Understand quite a bit,Somewhat positive,Once in a while,A little bit of support,Somewhat fair,Not at all likely,No respect at all,Neither helps nor hurts my learning,Sometimes,Belong somewhat,Sometimes,Somewhat difficult
stu-e12-257,n,null,null,null,null,null,null,null,null,null,null,null,null,null,null,null,null,null
stu-e12-258,n,null,null,null,null,null,null,null,null,null,null,null,null,null,null,null,null,null
stu-e12-259,y,Extremely concerned,Sometimes,Somewhat excited,Slightly respectful,Almost always,Understand somewhat,Slightly negative,Frequently,A little bit of support,Very unfair,Quite likely,A tremendous amount of respect,Helps my learning a tremendous amount,Almost always,Do not belong at all,Sometimes,Somewhat difficult
stu-e12-260,n,null,null,null,null,null,null,null,null,null,null,null,null,null,null,null,null,null
stu-e12-261,y,Quite concerned,Almost always,Extremely excited,Extremely respectful,Frequently,Understand somewhat,Neither negative or positive,Sometimes,A little bit of support,Slightly unfair,Somewhat likely,A little bit of respect,Hurts my learning a little bit,Almost always,Belong a little bit,Sometimes,Quite difficult
stu-e12-262,y,Quite concerned,Frequently,Extremely excited,Extremely respectful,Frequently,Understand a little,Neither negative or positive,Frequently,No support at all,Neither unfair or fair,Quite likely,A tremendous amount of respect,Helps my learning some,Sometimes,Belong quite a bit,Sometimes,Quite difficult
stu-e12-263,y,Slightly concerned,Almost never,Slightly excited,Slightly respectful,Sometimes,Understand a little,Neither negative or positive,Almost never,A tremendous amount of support,Slightly fair,Extremely likely,No respect at all,Hurts my learning a tremendous amount,Almost never,Completely belong,Almost never,Not at all difficult
stu-e12-264,n,null,null,null,null,null,null,null,null,null,null,null,null,null,null,null,null,null
stu-e12-265,n,null,null,null,null,null,null,null,null,null,null,null,null,null,null,null,null,null
stu-e12-266,y,Quite concerned,Sometimes,Slightly excited,Not at all respectful,Once in a while,Understand somewhat,Slightly negative,Almost never,A tremendous amount of support,Very unfair,Slightly likely,A little bit of respect,Hurts my learning a little bit,Sometimes,Belong quite a bit,Sometimes,Slightly difficult
stu-e12-267,y,Not at all concerned,Sometimes,Slightly excited,Slightly respectful,Almost never,Understand somewhat,Slightly negative,Almost never,Quite a bit of support,Neither unfair or fair,Slightly likely,A little bit of respect,Hurts my learning a tremendous amount,Frequently,Do not belong at all,Almost never,Not at all difficult
stu-e12-268,n,null,null,null,null,null,null,null,null,null,null,null,null,null,null,null,null,null
stu-e12-269,n,null,null,null,null,null,null,null,null,null,null,null,null,null,null,null,null,null
stu-e12-270,n,null,null,null,null,null,null,null,null,null,null,null,null,null,null,null,null,null
stu-e12-271,y,Somewhat concerned,Frequently,Somewhat excited,Somewhat respectful,Almost always,Understand somewhat,Slightly negative,Frequently,Quite a bit of support,Very unfair,Slightly likely,Quite a bit of respect,Neither helps nor hurts my learning,Sometimes,Belong a little bit,Frequently,Not at all difficult
stu-e12-272,n,null,null,null,null,null,null,null,null,null,null,null,null,null,null,null,null,null
stu-e12-273,n,null,null,null,null,null,null,null,null,null,null,null,null,null,null,null,null,null
stu-e12-274,y,Somewhat concerned,Frequently,Extremely excited,Quite respectful,Almost never,Understand quite a bit,Very positive,Once in a while,A tremendous amount of support,Slightly fair,Somewhat likely,A little bit of respect,Hurts my learning a little bit,Almost never,Belong somewhat,Sometimes,Somewhat difficult
stu-e12-275,y,Not at all concerned,Once in a while,Somewhat excited,Slightly respectful,Almost never,Completely understand,Slightly positive,Frequently,A little bit of support,Slightly fair,Not at all likely,Quite a bit of respect,Helps my learning some,Sometimes,Belong somewhat,Almost never,Extremely difficult
stu-e12-276,y,Somewhat concerned,Frequently,Extremely excited,Somewhat respectful,Almost never,Understand somewhat,Slightly positive,Almost never,Some support,Slightly fair,Quite likely,A little bit of respect,Hurts my learning a tremendous amount,Once in a while,Completely belong,Once in a while,Quite difficult
stu-e12-277,n,null,null,null,null,null,null,null,null,null,null,null,null,null,null,null,null,null
stu-e12-278,y,Not at all concerned,Almost never,Slightly excited,Slightly respectful,Sometimes,Understand a little,Neither negative or positive,Almost always,No support at all,Slightly unfair,Somewhat likely,A tremendous amount of respect,Helps my learning a little bit,Almost always,Belong a little bit,Sometimes,Somewhat difficult
stu-e12-279,n,null,null,null,null,null,null,null,null,null,null,null,null,null,null,null,null,null
stu-e12-280,y,Not at all concerned,Sometimes,Somewhat excited,Quite respectful,Frequently,Do not understand at all,Neither negative or positive,Frequently,A little bit of support,Slightly fair,Extremely likely,Some respect,Hurts my learning a little bit,Almost never,Belong quite a bit,Almost always,Extremely difficult
stu-e12-281,y,Slightly concerned,Once in a while,Not at all excited,Not at all respectful,Once in a while,Completely understand,Slightly positive,Almost never,Quite a bit of support,Somewhat fair,Somewhat likely,Some respect,Neither helps nor hurts my learning,Almost never,Belong somewhat,Almost never,Not at all difficult
stu-e12-282,n,null,null,null,null,null,null,null,null,null,null,null,null,null,null,null,null,null
stu-e12-283,y,Extremely concerned,Sometimes,Somewhat excited,Slightly respectful,Once in a while,Understand quite a bit,Somewhat positive,Almost always,A tremendous amount of support,Very fair,Not at all likely,Some respect,Helps my learning a little bit,Almost never,Belong somewhat,Sometimes,Somewhat difficult
stu-e12-284,n,null,null,null,null,null,null,null,null,null,null,null,null,null,null,null,null,null
stu-e12-285,n,null,null,null,null,null,null,null,null,null,null,null,null,null,null,null,null,null
stu-e12-286,n,null,null,null,null,null,null,null,null,null,null,null,null,null,null,null,null,null
stu-e12-287,n,null,null,null,null,null,null,null,null,null,null,null,null,null,null,null,null,null
stu-e12-288,y,Extremely concerned,Sometimes,Slightly excited,Somewhat respectful,Frequently,Understand a little,Somewhat negative,Frequently,Quite a bit of support,Slightly unfair,Somewhat likely,Quite a bit of respect,Helps my learning a tremendous amount,Sometimes,Belong quite a bit,Frequently,Not at all difficult
stu-e12-289,y,Somewhat concerned,Once in a while,Not at all excited,Somewhat respectful,Frequently,Do not understand at all,Slightly negative,Almost never,No support at all,Neither unfair or fair,Extremely likely,No respect at all,Hurts my learning some,Once in a while,Belong quite a bit,Frequently,Quite difficult
stu-e12-290,n,null,null,null,null,null,null,null,null,null,null,null,null,null,null,null,null,null
stu-e12-291,n,null,null,null,null,null,null,null,null,null,null,null,null,null,null,null,null,null
stu-e12-292,y,Somewhat concerned,Frequently,Somewhat excited,Somewhat respectful,Frequently,Understand a little,Very negative,Frequently,A tremendous amount of support,Somewhat unfair,Extremely likely,A tremendous amount of respect,Helps my learning some,Frequently,Belong a little bit,Once in a while,Somewhat difficult
stu-e12-293,y,Quite concerned,Sometimes,Somewhat excited,Quite respectful,Sometimes,Understand a little,Very negative,Once in a while,A little bit of support,Slightly unfair,Extremely likely,No respect at all,Hurts my learning a little bit,Frequently,Belong somewhat,Almost always,Somewhat difficult
stu-e12-294,n,null,null,null,null,null,null,null,null,null,null,null,null,null,null,null,null,null
stu-e12-295,n,null,null,null,null,null,null,null,null,null,null,null,null,null,null,null,null,null
stu-e12-296,y,Slightly concerned,Sometimes,Somewhat excited,Slightly respectful,Once in a while,Understand somewhat,Slightly negative,Sometimes,A tremendous amount of support,Neither unfair or fair,Slightly likely,Some respect,Hurts my learning a little bit,Once in a while,Completely belong,Once in a while,Somewhat difficult
stu-e12-297,y,Somewhat concerned,Once in a while,Not at all excited,Slightly respectful,Once in a while,Understand quite a bit,Slightly positive,Once in a while,A tremendous amount of support,Slightly fair,Not at all likely,A little bit of respect,Hurts my learning some,Once in a while,Completely belong,Once in a while,Not at all difficult
stu-e12-298,n,null,null,null,null,null,null,null,null,null,null,null,null,null,null,null,null,null
stu-e12-299,y,Quite concerned,Almost always,Quite excited,Quite respectful,Frequently,Understand somewhat,Neither negative or positive,Frequently,Quite a bit of support,Slightly unfair,Slightly likely,A tremendous amount of respect,Helps my learning a little bit,Sometimes,Belong quite a bit,Almost always,Somewhat difficult
stu-e12-300,n,null,null,null,null,null,null,null,null,null,null,null,null,null,null,null,null,null
stu-e12-301,n,null,null,null,null,null,null,null,null,null,null,null,null,null,null,null,null,null
stu-e12-302,n,null,null,null,null,null,null,null,null,null,null,null,null,null,null,null,null,null
stu-e12-303,n,null,null,null,null,null,null,null,null,null,null,null,null,null,null,null,null,null
stu-e12-304,n,null,null,null,null,null,null,null,null,null,null,null,null,null,null,null,null,null
stu-e12-305,y,Extremely concerned,Sometimes,Somewhat excited,Quite respectful,Almost always,Do not understand at all,Neither negative or positive,Sometimes,No support at all,Slightly fair,Extremely likely,A little bit of respect,Neither helps nor hurts my learning,Sometimes,Belong somewhat,Almost always,Extremely difficult
stu-e12-306,y,Quite concerned,Frequently,Somewhat excited,Slightly respectful,Sometimes,Understand quite a bit,Slightly positive,Frequently,No support at all,Somewhat fair,Not at all likely,Quite a bit of respect,Neither helps nor hurts my learning,Sometimes,Belong quite a bit,Sometimes,Quite difficult
stu-e12-307,n,null,null,null,null,null,null,null,null,null,null,null,null,null,null,null,null,null
stu-e12-308,y,Extremely concerned,Frequently,Quite excited,Extremely respectful,Almost always,Do not understand at all,Very negative,Frequently,A tremendous amount of support,Somewhat unfair,Extremely likely,A tremendous amount of respect,Helps my learning a little bit,Sometimes,Belong a little bit,Sometimes,Somewhat difficult
stu-e12-309,n,null,null,null,null,null,null,null,null,null,null,null,null,null,null,null,null,null
stu-e12-310,n,null,null,null,null,null,null,null,null,null,null,null,null,null,null,null,null,null
stu-e12-311,n,null,null,null,null,null,null,null,null,null,null,null,null,null,null,null,null,null
stu-e12-312,n,null,null,null,null,null,null,null,null,null,null,null,null,null,null,null,null,null
stu-e12-313,n,null,null,null,null,null,null,null,null,null,null,null,null,null,null,null,null,null
stu-e12-314,n,null,null,null,null,null,null,null,null,null,null,null,null,null,null,null,null,null
stu-e12-315,y,Somewhat concerned,Once in a while,Slightly excited,Somewhat respectful,Once in a while,Understand somewhat,Slightly negative,Once in a while,A little bit of support,Slightly unfair,Slightly likely,Some respect,Hurts my learning a little bit,Sometimes,Belong somewhat,Once in a while,Extremely difficult
stu-e12-316,n,null,null,null,null,null,null,null,null,null,null,null,null,null,null,null,null,null
stu-e12-317,y,Extremely concerned,Sometimes,Somewhat excited,Somewhat respectful,Once in a while,Understand somewhat,Neither negative or positive,Sometimes,A little bit of support,Slightly unfair,Quite likely,Some respect,Neither helps nor hurts my learning,Frequently,Belong somewhat,Once in a while,Somewhat difficult
stu-e12-318,y,Slightly concerned,Sometimes,Slightly excited,Somewhat respectful,Almost always,Do not understand at all,Slightly negative,Sometimes,A little bit of support,Very unfair,Quite likely,Quite a bit of respect,Helps my learning a little bit,Sometimes,Belong somewhat,Once in a while,Extremely difficult
stu-e12-319,n,null,null,null,null,null,null,null,null,null,null,null,null,null,null,null,null,null
stu-e12-320,n,null,null,null,null,null,null,null,null,null,null,null,null,null,null,null,null,null
stu-e12-321,n,null,null,null,null,null,null,null,null,null,null,null,null,null,null,null,null,null
stu-e12-322,n,null,null,null,null,null,null,null,null,null,null,null,null,null,null,null,null,null
stu-e12-323,n,null,null,null,null,null,null,null,null,null,null,null,null,null,null,null,null,null
stu-e12-324,y,Not at all concerned,Sometimes,Quite excited,Extremely respectful,Almost never,Understand quite a bit,Slightly positive,Frequently,No support at all,Neither unfair or fair,Slightly likely,Some respect,Helps my learning a little bit,Frequently,Do not belong at all,Frequently,Extremely difficult
stu-e12-325,y,Quite concerned,Almost always,Somewhat excited,Slightly respectful,Sometimes,Understand a little,Slightly negative,Sometimes,A little bit of support,Somewhat unfair,Somewhat likely,Some respect,Hurts my learning a little bit,Frequently,Belong a little bit,Once in a while,Somewhat difficult
stu-e12-326,n,null,null,null,null,null,null,null,null,null,null,null,null,null,null,null,null,null
stu-e12-327,n,null,null,null,null,null,null,null,null,null,null,null,null,null,null,null,null,null
stu-e12-328,n,null,null,null,null,null,null,null,null,null,null,null,null,null,null,null,null,null
stu-e12-329,n,null,null,null,null,null,null,null,null,null,null,null,null,null,null,null,null,null
stu-e12-330,n,null,null,null,null,null,null,null,null,null,null,null,null,null,null,null,null,null
stu-e12-331,y,Not at all concerned,Once in a while,Slightly excited,Somewhat respectful,Almost never,Understand somewhat,Slightly negative,Frequently,Quite a bit of support,Neither unfair or fair,Slightly likely,Quite a bit of respect,Helps my learning a little bit,Sometimes,Belong a little bit,Frequently,Not at all difficult
stu-e12-332,n,null,null,null,null,null,null,null,null,null,null,null,null,null,null,null,null,null
stu-e12-333,y,Slightly concerned,Once in a while,Somewhat excited,Slightly respectful,Almost always,Understand a little,Very negative,Almost never,Quite a bit of support,Very unfair,Extremely likely,Some respect,Hurts my learning a little bit,Almost always,Belong somewhat,Sometimes,Somewhat difficult
stu-e12-334,y,Slightly concerned,Sometimes,Quite excited,Extremely respectful,Once in a while,Completely understand,Slightly positive,Frequently,A little bit of support,Neither unfair or fair,Somewhat likely,A tremendous amount of respect,Neither helps nor hurts my learning,Once in a while,Completely belong,Almost always,Quite difficult
stu-e12-335,n,null,null,null,null,null,null,null,null,null,null,null,null,null,null,null,null,null
stu-e12-336,y,Quite concerned,Frequently,Quite excited,Quite respectful,Once in a while,Understand quite a bit,Somewhat positive,Once in a while,Some support,Neither unfair or fair,Somewhat likely,A little bit of respect,Hurts my learning a tremendous amount,Once in a while,Belong quite a bit,Frequently,Slightly difficult
stu-e12-337,n,null,null,null,null,null,null,null,null,null,null,null,null,null,null,null,null,null
stu-e12-338,n,null,null,null,null,null,null,null,null,null,null,null,null,null,null,null,null,null
stu-e12-339,n,null,null,null,null,null,null,null,null,null,null,null,null,null,null,null,null,null
stu-e12-340,n,null,null,null,null,null,null,null,null,null,null,null,null,null,null,null,null,null
stu-e12-341,n,null,null,null,null,null,null,null,null,null,null,null,null,null,null,null,null,null
stu-e12-342,y,Extremely concerned,Almost always,Extremely excited,Quite respectful,Once in a while,Completely understand,Slightly positive,Once in a while,Some support,Very fair,Somewhat likely,Some respect,Helps my learning a little bit,Sometimes,Belong quite a bit,Frequently,Somewhat difficult
stu-e12-343,n,null,null,null,null,null,null,null,null,null,null,null,null,null,null,null,null,null
stu-e12-344,y,Quite concerned,Frequently,Quite excited,Quite respectful,Sometimes,Understand somewhat,Slightly negative,Once in a while,No support at all,Very unfair,Somewhat likely,A little bit of respect,Hurts my learning some,Frequently,Belong somewhat,Frequently,Extremely difficult
stu-e12-345,n,null,null,null,null,null,null,null,null,null,null,null,null,null,null,null,null,null
stu-e12-346,y,Extremely concerned,Sometimes,Quite excited,Somewhat respectful,Almost always,Do not understand at all,Neither negative or positive,Sometimes,Some support,Slightly unfair,Extremely likely,Some respect,Neither helps nor hurts my learning,Frequently,Do not belong at all,Frequently,Somewhat difficult
stu-e12-347,n,null,null,null,null,null,null,null,null,null,null,null,null,null,null,null,null,null
stu-e12-348,y,Not at all concerned,Once in a while,Somewhat excited,Somewhat respectful,Almost never,Completely understand,Very positive,Frequently,Quite a bit of support,Neither unfair or fair,Somewhat likely,Quite a bit of respect,Helps my learning some,Sometimes,Belong somewhat,Sometimes,Somewhat difficult
stu-e12-349,y,Not at all concerned,Almost never,Somewhat excited,Quite respectful,Sometimes,Understand somewhat,Slightly negative,Almost always,No support at all,Somewhat unfair,Somewhat likely,A tremendous amount of respect,Helps my learning a little bit,Frequently,Belong somewhat,Frequently,Extremely difficult
stu-e12-350,y,Quite concerned,Frequently,Somewhat excited,Somewhat respectful,Almost never,Completely understand,Somewhat positive,Almost always,A little bit of support,Somewhat fair,Not at all likely,A tremendous amount of respect,Helps my learning some,Almost never,Belong somewhat,Frequently,Extremely difficult
stu-e12-351,y,Somewhat concerned,Once in a while,Somewhat excited,Somewhat respectful,Sometimes,Understand somewhat,Slightly positive,Once in a while,No support at all,Slightly fair,Quite likely,No respect at all,Hurts my learning a tremendous amount,Once in a while,Belong somewhat,Frequently,Somewhat difficult
stu-e12-352,y,Quite concerned,Almost always,Quite excited,Quite respectful,Sometimes,Understand quite a bit,Slightly positive,Once in a while,Quite a bit of support,Slightly fair,Not at all likely,No respect at all,Hurts my learning a little bit,Once in a while,Belong somewhat,Almost always,Not at all difficult
stu-e12-353,y,Extremely concerned,Frequently,Quite excited,Quite respectful,Frequently,Understand somewhat,Neither negative or positive,Almost never,Quite a bit of support,Neither unfair or fair,Slightly likely,A little bit of respect,Neither helps nor hurts my learning,Frequently,Belong a little bit,Almost always,Slightly difficult
stu-e12-354,n,null,null,null,null,null,null,null,null,null,null,null,null,null,null,null,null,null
stu-e12-355,n,null,null,null,null,null,null,null,null,null,null,null,null,null,null,null,null,null
stu-e12-356,y,Somewhat concerned,Once in a while,Slightly excited,Somewhat respectful,Frequently,Understand a little,Very negative,Once in a while,A tremendous amount of support,Somewhat unfair,Extremely likely,A little bit of respect,Hurts my learning some,Frequently,Belong somewhat,Sometimes,Not at all difficult
stu-e12-357,n,null,null,null,null,null,null,null,null,null,null,null,null,null,null,null,null,null
stu-e12-358,y,Slightly concerned,Once in a while,Slightly excited,Somewhat respectful,Almost never,Completely understand,Very positive,Almost always,A tremendous amount of support,Neither unfair or fair,Slightly likely,Some respect,Neither helps nor hurts my learning,Sometimes,Belong a little bit,Sometimes,Somewhat difficult
stu-e12-359,n,null,null,null,null,null,null,null,null,null,null,null,null,null,null,null,null,null
stu-e12-360,y,Somewhat concerned,Once in a while,Not at all excited,Somewhat respectful,Frequently,Do not understand at all,Somewhat negative,Almost never,A little bit of support,Somewhat unfair,Extremely likely,Some respect,Helps my learning a little bit,Frequently,Belong a little bit,Once in a while,Somewhat difficult
stu-e12-361,y,Extremely concerned,Almost always,Extremely excited,Quite respectful,Once in a while,Understand somewhat,Neither negative or positive,Sometimes,A tremendous amount of support,Neither unfair or fair,Quite likely,Some respect,Hurts my learning a little bit,Once in a while,Completely belong,Sometimes,Slightly difficult
stu-e12-362,n,null,null,null,null,null,null,null,null,null,null,null,null,null,null,null,null,null
stu-e12-363,y,Somewhat concerned,Frequently,Somewhat excited,Somewhat respectful,Once in a while,Completely understand,Very positive,Almost always,Some support,Neither unfair or fair,Not at all likely,Quite a bit of respect,Helps my learning a tremendous amount,Sometimes,Belong quite a bit,Frequently,Somewhat difficult
stu-e12-364,y,Not at all concerned,Once in a while,Not at all excited,Slightly respectful,Sometimes,Understand quite a bit,Neither negative or positive,Frequently,Quite a bit of support,Slightly unfair,Somewhat likely,Quite a bit of respect,Helps my learning a tremendous amount,Almost always,Do not belong at all,Almost never,Not at all difficult
stu-e12-365,n,null,null,null,null,null,null,null,null,null,null,null,null,null,null,null,null,null
stu-e12-366,n,null,null,null,null,null,null,null,null,null,null,null,null,null,null,null,null,null
stu-e12-367,n,null,null,null,null,null,null,null,null,null,null,null,null,null,null,null,null,null
stu-e12-368,y,Not at all concerned,Sometimes,Somewhat excited,Slightly respectful,Almost never,Completely understand,Neither negative or positive,Frequently,Quite a bit of support,Slightly fair,Somewhat likely,A tremendous amount of respect,Neither helps nor hurts my learning,Once in a while,Belong somewhat,Almost never,Not at all difficult
stu-e12-369,n,null,null,null,null,null,null,null,null,null,null,null,null,null,null,null,null,null
stu-e12-370,y,Somewhat concerned,Sometimes,Slightly excited,Somewhat respectful,Once in a while,Completely understand,Somewhat positive,Almost always,No support at all,Slightly fair,Somewhat likely,A tremendous amount of respect,Helps my learning a tremendous amount,Almost never,Completely belong,Sometimes,Quite difficult
stu-e12-371,n,null,null,null,null,null,null,null,null,null,null,null,null,null,null,null,null,null
stu-e12-372,y,Slightly concerned,Almost never,Somewhat excited,Quite respectful,Once in a while,Understand somewhat,Slightly positive,Frequently,A little bit of support,Somewhat fair,Somewhat likely,Some respect,Neither helps nor hurts my learning,Once in a while,Belong somewhat,Frequently,Quite difficult
stu-e12-373,n,null,null,null,null,null,null,null,null,null,null,null,null,null,null,null,null,null
stu-e12-374,y,Slightly concerned,Almost never,Not at all excited,Slightly respectful,Sometimes,Understand a little,Slightly negative,Almost never,Quite a bit of support,Slightly unfair,Quite likely,No respect at all,Hurts my learning some,Almost always,Do not belong at all,Once in a while,Not at all difficult
stu-e12-375,y,Somewhat concerned,Once in a while,Somewhat excited,Quite respectful,Sometimes,Understand quite a bit,Neither negative or positive,Almost never,A tremendous amount of support,Slightly fair,Not at all likely,A little bit of respect,Hurts my learning a little bit,Sometimes,Belong quite a bit,Frequently,Somewhat difficult
stu-e12-376,y,Somewhat concerned,Sometimes,Quite excited,Extremely respectful,Almost never,Completely understand,Somewhat positive,Almost never,Quite a bit of support,Neither unfair or fair,Slightly likely,A little bit of respect,Hurts my learning a little bit,Sometimes,Belong somewhat,Almost always,Slightly difficult
stu-e12-377,y,Extremely concerned,Frequently,Extremely excited,Quite respectful,Frequently,Understand somewhat,Slightly positive,Sometimes,A little bit of support,Somewhat fair,Somewhat likely,Some respect,Helps my learning a little bit,Sometimes,Belong a little bit,Sometimes,Somewhat difficult
stu-e12-378,n,null,null,null,null,null,null,null,null,null,null,null,null,null,null,null,null,null
stu-e12-379,n,null,null,null,null,null,null,null,null,null,null,null,null,null,null,null,null,null
stu-e12-380,n,null,null,null,null,null,null,null,null,null,null,null,null,null,null,null,null,null
stu-e12-381,y,Extremely concerned,Frequently,Extremely excited,Extremely respectful,Frequently,Understand somewhat,Neither negative or positive,Almost never,Some support,Neither unfair or fair,Quite likely,Some respect,Hurts my learning a little bit,Frequently,Do not belong at all,Frequently,Quite difficult
stu-e12-382,y,Extremely concerned,Sometimes,Quite excited,Extremely respectful,Sometimes,Understand a little,Somewhat negative,Almost never,No support at all,Somewhat unfair,Extremely likely,No respect at all,Hurts my learning some,Almost always,Belong somewhat,Almost always,Somewhat difficult
stu-e12-383,n,null,null,null,null,null,null,null,null,null,null,null,null,null,null,null,null,null
stu-e12-384,n,null,null,null,null,null,null,null,null,null,null,null,null,null,null,null,null,null
stu-e12-385,y,Not at all concerned,Once in a while,Somewhat excited,Slightly respectful,Sometimes,Understand somewhat,Slightly positive,Frequently,Some support,Neither unfair or fair,Quite likely,Quite a bit of respect,Neither helps nor hurts my learning,Sometimes,Belong quite a bit,Sometimes,Quite difficult
stu-e12-386,n,null,null,null,null,null,null,null,null,null,null,null,null,null,null,null,null,null
stu-e12-387,n,null,null,null,null,null,null,null,null,null,null,null,null,null,null,null,null,null
stu-e12-388,y,Extremely concerned,Almost always,Somewhat excited,Somewhat respectful,Sometimes,Understand quite a bit,Somewhat positive,Almost always,A tremendous amount of support,Somewhat fair,Somewhat likely,A tremendous amount of respect,Neither helps nor hurts my learning,Once in a while,Belong quite a bit,Once in a while,Not at all difficult
stu-e12-389,y,Slightly concerned,Almost never,Not at all excited,Somewhat respectful,Almost always,Do not understand at all,Very negative,Once in a while,A little bit of support,Somewhat unfair,Somewhat likely,No respect at all,Neither helps nor hurts my learning,Almost always,Do not belong at all,Sometimes,Quite difficult
stu-e12-390,y,Not at all concerned,Sometimes,Somewhat excited,Somewhat respectful,Almost never,Completely understand,Neither negative or positive,Almost never,Some support,Neither unfair or fair,Somewhat likely,A little bit of respect,Neither helps nor hurts my learning,Once in a while,Belong quite a bit,Once in a while,Slightly difficult